IND	ID_individual	28S (species)	EPIC25 (species)	COI (species)	EPIC63	Nu1054
A	D14	Hap1 (A)	Hap10 (C)	Hap3 (A)	Hap1 (A)	Hap1 (A)
A	B14	Hap1 (A)	Hap9-Hap10 (C)	Hap6 (A)	Hap16-Hap20 (E)	
A	B15	Hap1 (A)	Hap1 (A)	Hap6 (A)	Hap1 (A)	Hap2 (A)
A	C1T1	Hap1 (A)	Hap1 (A)	Hap3 (A)	Hap1 (A)	
A	C3T3	Hap1 (A)	Hap1 (A)	Hap3 (A)	Hap1 (A)	Hap1-Hap5 (A)
A	D12	Hap1 (A)	Hap1-Hap4 (A)	Hap3 (A)	Hap1 (A)	Hap1-Hap6 (A)
A	D13	Hap1 (A)	Hap1-Hap4 (A)	Hap3 (A)	Hap1 (A)	Hap1-Hap7 (A)
A	E1B1	Hap1 (A)	Hap4 (A)	Hap4 (A)	Hap1 (A)	
A	E1B3	Hap1 (A)	Hap1-Hap4 (A)	Hap4 (A)	Hap1 (A)	Hap1-Hap4 (A)
A	H001	Hap1 (A)	Hap1 (A)	Hap1 (A)	Hap1 (A)	Hap1-Hap8 (A)
A	H3-03	Hap1 (A)	Hap1-Hap2 (A)	Hap1 (A)	Hap1 (A)	Hap1-Hap2 (A)
A	H3-04	Hap1 (A)	Hap2-Hap4 (A)	Hap2 (A)	Hap1-Hap3 (A)	Hap2-Hap9 (A)
A	HB01	Hap1 (A)	Hap1-Hap2 (A)	Hap1 (A)	Hap1 (A)	Hap1-Hap2 (A)
A	C28	Hap1 (A)	Hap4 (A)	Hap3 (A)	Hap1 (A)	Hap2 (A)
A	C33	Hap1 (A)	Hap1-Hap4 (A)	Hap9 (A)	Hap1-Hap3 (A)	Hap2-Hap3 (A)
A	C31	Hap1 (A)	Hap4 (A)	Hap3 (A)	Hap3 (A)	Hap2 (A)
A	C1T2	Hap1 (A)	Hap2-Hap4 (A)	Hap4 (A)	Hap2-Hap3 (A)	
A	D11	Hap1 (A)	Hap2-Hap4 (A)	Hap3 (A)	Hap1 (A)	Hap2 (A)
A	E11	Hap1 (A)	Hap4 (A)	Hap3 (A)	Hap3 (A)	
A	E31	Hap1 (A)	Hap3-Hap5 (A)	Hap5 (A)	Hap1 (A)	Hap1-Hap3 (A)
A	B11	Hap1 (A)	Hap35 (E)	Hap6 (A)	Hap16 (E)	Hap22 (E)
A	B33	Hap1 (A)	Hap1-Hap5 (A)	Hap7 (A)	Hap1 (A)	
A	B3B1	Hap1-Hap2 (A)	Hap35 (E)	Hap1 (A)	Hap1 (A)	
F	C210	Hap4 (F)	Hap16-Hap19 (F)	Hap15 (F)	Hap11-Hap12 (F)	
F	C211	Hap4 (F)	Hap16-Hap22 (F)	Hap14 (F)	Hap11-Hap12 (F)	
F	C21	Hap4 (F)	Hap17-Hap20 (F)	Hap13 (F)	Hap11-Hap13 (F)	
F	C24	Hap4 (F)	Hap17-Hap22 (F)	Hap16 (F)	Hap11-Hap13 (F)	
F	C27	Hap4 (F)	Hap16-Hap19 (F)	Hap17 (F)	Hap11-Hap12 (F)	
F	E2B2	Hap4 (F)	Hap18-Hap21 (F)	Hap19 (F)	Hap14-Hap15 (F)	
C	H004	Hap5-Hap6 (C)	Hap6 (C)	Hap10 (C)	Hap4-Hap7 (C)	Hap10-Hap15 (C)
C	H4-28	Hap5-Hap6 (C)	Hap6-Hap14 (C)	Hap10 (C)	Hap7-Hap8 (C)	Hap10-Hap16 (C)
C	Hprim34	Hap5-Hap6 (C)	Hap6-Hap10 (C)	Hap12 (C)	Hap4 (C)	
C	Hprim53	Hap5-Hap6 (C)	Hap6-Hap10 (C)	Hap11 (C)	Hap4 (C)	Hap11 (C)
C	HPRIM1	Hap5-Hap6 (C)	Hap6 (C)	Hap12 (C)	Hap4 (C)	Hap10 (C)
C	HPRIM21	Hap5-Hap6 (C)	Hap6-Hap7 (C)	Hap12 (C)	Hap4 (C)	Hap10-Hap11 (C)
C	HPRIM22	Hap5-Hap6 (C)	Hap6-Hap10 (C)	Hap12 (C)	Hap4 (C)	Hap10-Hap11 (C)
C	HPRIM36	Hap5-Hap6 (C)	Hap10 (C)	Hap12 (C)	Hap4 (C)	Hap10 (C)
C	A110	Hap5-Hap7 (C)	Hap6-Hap10 (C)	Hap12 (C)	Hap4-Hap5 (C)	Hap10-Hap11 (C)
C	A12	Hap5-Hap6 (C)	Hap6-Hap10 (C)	Hap12 (C)	Hap4 (C)	Hap10-Hap11 (C)
C	A11	Hap5-Hap6 (C)	Hap6-Hap10 (C)	Hap12 (C)	Hap4 (C)	Hap10-Hap11 (C)
C	A111	Hap5-Hap6 (C)	Hap6-Hap10 (C)	Hap12 (C)	Hap4 (C)	Hap10-Hap11 (C)
C	A112	Hap5-Hap6 (C)	Hap6-Hap10 (C)	Hap12 (C)	Hap4 (C)	Hap10-Hap11 (C)
C	A13	Hap5-Hap6 (C)	Hap6-Hap10 (C)	Hap12 (C)	Hap4 (C)	Hap10-Hap11 (C)
C	A14	Hap5-Hap6 (C)	Hap6-Hap10 (C)	Hap12 (C)	Hap4 (C)	Hap10-Hap11 (C)
C	A15	Hap5-Hap6 (C)	Hap6-Hap10 (C)	Hap12 (C)	Hap4 (C)	Hap10-Hap11 (C)
C	A18	Hap5-Hap6 (C)	Hap6-Hap10 (C)	Hap12 (C)	Hap4 (C)	Hap10-Hap11 (C)
C	A19	Hap5-Hap6 (C)	Hap6-Hap10 (C)	Hap12 (C)	Hap4 (C)	Hap10-Hap11 (C)
C	C29	Hap5-Hap6 (C)	Hap10-Hap15 (C)	Hap10 (C)	Hap4-Hap6 (C)	Hap10-Hap13 (C)
C	Hprim18	Hap6 (C)	Hap12-Hap13 (C)	Hap10 (C)	Hap9 (C)	Hap10-Hap14 (C)
C	D22	Hap5-Hap6 (C)	Hap10-Hap14 (C)	Hap10 (C)	Hap4-Hap9 (C)	Hap10-Hap12 (C)
C	D23	Hap5-Hap6 (C)	Hap10-Hap14 (C)	Hap10 (C)	Hap4-Hap9 (C)	Hap10-Hap12 (C)
C	D21	Hap6 (C)	Hap10-Hap15 (C)	Hap10 (C)	Hap4 (C)	Hap10-Hap12 (C)
C	A16	Hap6 (C)	Hap6-Hap10 (C)	Hap12 (C)	Hap4 (C)	Hap10-Hap11 (C)
C	A17	Hap6 (C)	Hap6-Hap11 (C)	Hap12 (C)	Hap4 (C)	Hap10-Hap11 (C)
C	B24	Hap5-Hap6 (C)		Hap10 (C)	Hap8 (C)	
C	A3B1	Hap5-Hap6 (C)	Hap6-Hap8 (C)	Hap12 (C)	Hap4 (C)	
C	C2B4	Hap6 (C)	Hap12-Hap13 (C)	Hap10 (C)	Hap9-Hap10 (C)	
C	B22	Hap5-Hap6 (C)	Hap37 (E)	Hap10 (C)		Hap16 (C)
D	H3-14	Hap9-Hap10 (D)	Hap45 (D)	Hap37 (D)	Hap36-Hap38 (D)	Hap36-Hap37 (D)
D	Hprim54	Hap9-Hap10 (D)	Hap45 (D)	Hap39 (D)	Hap36 (D)	Hap37 (D)
D	Hprim12	Hap9-Hap10 (D)	Hap45-Hap46 (D)	Hap38 (D)	Hap36-Hap37 (D)	Hap38-Hap39 (D)
E	H4-02	Hap11-Hap16 (E)	Hap25-Hap29 (E)	Hap21 (E)	Hap17-Hap21 (E)	Hap17-Hap31 (E)
E	H4-04	Hap11-Hap16 (E)	Hap23-Hap32 (E)	Hap28 (E)	Hap33-Hap34 (E)	Hap19-Hap21 (E)
E	HPRIM15	Hap11-Hap16 (E)	Hap28-Hap29 (E)	Hap20 (E)	Hap25 (E)	Hap28 (E)
E	HPRIM19	Hap11-Hap16 (E)	Hap38-Hap41 (E)	Hap22 (E)	Hap32 (E)	Hap17-Hap30 (E)
E	B39	Hap11-Hap16 (E)	Hap30-Hap36 (E)	Hap10 (C)	Hap16 (E)	Hap19 (E)
E	C3B1	Hap11-Hap12 (E)	Hap26 (E)	Hap35 (E)	Hap19-Hap23 (E)	Hap32-Hap33 (E)
E	C3T1	Hap11-Hap12 (E)	Hap26 (E)	Hap36 (E)	Hap19-Hap35 (E)	Hap34-Hap35 (E)
E	HPRIM16	Hap16 (E)	Hap31 (E)	Hap33 (E)	Hap28-Hap29 (E)	Hap18 (E)
E	A21	Hap16 (E)	Hap39-Hap43 (E)	Hap23 (E)	Hap27 (E)	Hap17-Hap27 (E)
E	A22	Hap16 (E)	Hap39-Hap44 (E)	Hap26 (E)	Hap27 (E)	Hap17-Hap27 (E)
E	A32	Hap16 (E)	Hap33-Hap37 (E)	Hap28 (E)	Hap32-Hap34 (E)	Hap19-Hap21 (E)
E	A33	Hap16 (E)	Hap42 (E)	Hap33 (E)	Hap17-Hap18 (E)	Hap17-Hap26 (E)
E	A24	Hap16 (E)	Hap37 (E)	Hap29 (E)	Hap34 (E)	Hap21 (E)
E	A25	Hap16 (E)	Hap29-Hap40 (E)	Hap25 (E)	Hap26-Hap27 (E)	Hap17-Hap27 (E)
E	A23	Hap16 (E)		Hap24 (E)	Hap27 (E)	Hap29 (E)
E	B34	Hap16 (E)		Hap27 (E)	Hap30-Hap31 (E)	Hap17-Hap31 (E)
E	B38	Hap14-Hap16 (E)	Hap24-Hap36 (E)	Hap34 (E)	Hap26-Hap27 (E)	Hap17 (E)
E	E3B2	Hap12-Hap15 (E)	Hap27-Hap34 (E)	Hap33 (E)	Hap18-Hap22 (E)	Hap20-Hap23 (E)
E	E3T1	Hap12 (E)	Hap26 (E)	Hap36 (E)	Hap24 (E)	Hap24-Hap25 (E)
E	HPRIM14	Hap13-Hap16 (E)	Hap30-Hap35 (E)	Hap31 (E)	Hap16 (E)	Hap19-Hap22 (E)
B	H158	Hap17-Hap18 (B)	Hap47-Hap48 (B)	Hap40 (B)	Hap39-Hap40 (B)	Hap40 (B)
